"dwal","p","ybar:0","ybar:1","ybar:2","Points:0","Points:1","Points:2"
2.470373103e-07,9.697636072e+04,3.877954917e-05,4.857911323e-08,0.000000000e+00,2.173420000e-01,-3.333725296e-02,0.000000000e+00
0.000000000e+00,9.697636072e+04,0.000000000e+00,0.000000000e+00,0.000000000e+00,2.173420000e-01,-3.333750000e-02,0.000000000e+00
1.000000000e-06,9.697636073e+04,1.454713885e-04,3.782204363e-07,0.000000000e+00,2.173420000e-01,-3.333650000e-02,0.000000000e+00
3.250002661e-06,9.697636074e+04,4.912523606e-04,1.241130758e-06,0.000000000e+00,2.173420000e-01,-3.333425000e-02,0.000000000e+00
2.308797295e-06,9.697636074e+04,3.409945952e-04,8.732329154e-07,0.000000000e+00,2.173420000e-01,-3.333519120e-02,0.000000000e+00
2.000000000e-06,9.697636074e+04,2.871674391e-04,8.160128099e-07,0.000000000e+00,2.173420000e-01,-3.333550000e-02,0.000000000e+00
1.247037310e-06,9.697636073e+04,1.804755997e-04,4.863714868e-07,0.000000000e+00,2.173420000e-01,-3.333625296e-02,0.000000000e+00
6.062511974e-06,9.697636073e+04,9.806426927e-04,2.277028425e-06,0.000000000e+00,2.173420000e-01,-3.333143749e-02,0.000000000e+00
4.886002763e-06,9.697636073e+04,7.664462161e-04,1.824998720e-06,0.000000000e+00,2.173420000e-01,-3.333261400e-02,0.000000000e+00
4.500005322e-06,9.697636073e+04,6.908077535e-04,1.729731120e-06,0.000000000e+00,2.173420000e-01,-3.333299999e-02,0.000000000e+00
3.558799956e-06,9.697636074e+04,5.405499881e-04,1.361833277e-06,0.000000000e+00,2.173420000e-01,-3.333394120e-02,0.000000000e+00
9.578156100e-06,9.697636074e+04,1.681657153e-03,3.495958597e-06,0.000000000e+00,2.173420000e-01,-3.332792184e-02,0.000000000e+00
8.107516455e-06,9.697636074e+04,1.372712572e-03,3.028401427e-06,0.000000000e+00,2.173420000e-01,-3.332939248e-02,0.000000000e+00
7.625018627e-06,9.697636074e+04,1.265114260e-03,2.877363224e-06,0.000000000e+00,2.173420000e-01,-3.332987498e-02,0.000000000e+00
6.448509415e-06,9.697636073e+04,1.050917784e-03,2.425333519e-06,0.000000000e+00,2.173420000e-01,-3.333105149e-02,0.000000000e+00
1.397272061e-05,9.697636072e+04,2.697398639e-03,4.804558525e-06,0.000000000e+00,2.173420000e-01,-3.332352728e-02,0.000000000e+00
1.213441714e-05,9.697636073e+04,2.246850600e-03,4.348683450e-06,0.000000000e+00,2.173420000e-01,-3.332536558e-02,0.000000000e+00
1.153129357e-05,9.697636073e+04,2.091962450e-03,4.116915222e-06,0.000000000e+00,2.173420000e-01,-3.332596871e-02,0.000000000e+00
1.006065393e-05,9.697636073e+04,1.783017870e-03,3.649358052e-06,0.000000000e+00,2.173420000e-01,-3.332743935e-02,0.000000000e+00
1.946593795e-05,9.697636070e+04,4.185005331e-03,6.187219239e-06,0.000000000e+00,2.173420000e-01,-3.331803406e-02,0.000000000e+00
1.716805372e-05,9.697636071e+04,3.521240232e-03,5.739805424e-06,0.000000000e+00,2.173420000e-01,-3.332033195e-02,0.000000000e+00
1.641414765e-05,9.697636071e+04,3.295765658e-03,5.410000310e-06,0.000000000e+00,2.173420000e-01,-3.332108585e-02,0.000000000e+00
1.457584418e-05,9.697636072e+04,2.845217618e-03,4.954125235e-06,0.000000000e+00,2.173420000e-01,-3.332292416e-02,0.000000000e+00
2.633247423e-05,9.697636067e+04,6.385075961e-03,7.730689937e-06,0.000000000e+00,2.173420000e-01,-3.331116753e-02,0.000000000e+00
2.346011283e-05,9.697636068e+04,5.398187386e-03,7.254820405e-06,0.000000000e+00,2.173420000e-01,-3.331403989e-02,0.000000000e+00
2.251772824e-05,9.697636068e+04,5.066543165e-03,6.781423734e-06,0.000000000e+00,2.173420000e-01,-3.331498227e-02,0.000000000e+00
2.021984401e-05,9.697636069e+04,4.402778066e-03,6.334009919e-06,0.000000000e+00,2.173420000e-01,-3.331728016e-02,0.000000000e+00
3.491566286e-05,9.697636064e+04,9.667366348e-03,9.722051860e-06,0.000000000e+00,2.173420000e-01,-3.330258434e-02,0.000000000e+00
3.132520346e-05,9.697636066e+04,8.188133305e-03,9.067553648e-06,0.000000000e+00,2.173420000e-01,-3.330617480e-02,0.000000000e+00
3.014722022e-05,9.697636066e+04,7.695749901e-03,8.362686100e-06,0.000000000e+00,2.173420000e-01,-3.330735278e-02,0.000000000e+00
2.727485882e-05,9.697636067e+04,6.708861326e-03,7.886816569e-06,0.000000000e+00,2.173420000e-01,-3.331022514e-02,0.000000000e+00
4.564467148e-05,9.697636059e+04,1.460157640e-02,1.260356022e-05,0.000000000e+00,2.173420000e-01,-3.329185533e-02,0.000000000e+00
4.115658768e-05,9.697636062e+04,1.236894224e-02,1.168562841e-05,0.000000000e+00,2.173420000e-01,-3.329634341e-02,0.000000000e+00
3.968410549e-05,9.697636062e+04,1.163191660e-02,1.059128246e-05,0.000000000e+00,2.173420000e-01,-3.329781589e-02,0.000000000e+00
3.609364610e-05,9.697636064e+04,1.015268356e-02,9.936784249e-06,0.000000000e+00,2.173420000e-01,-3.330140635e-02,0.000000000e+00
5.905596081e-05,9.697636054e+04,2.206560423e-02,1.634253342e-05,0.000000000e+00,2.173420000e-01,-3.327844404e-02,0.000000000e+00
5.344584412e-05,9.697636056e+04,1.867729633e-02,1.545047627e-05,0.000000000e+00,2.173420000e-01,-3.328405416e-02,0.000000000e+00
5.160523746e-05,9.697636056e+04,1.756670893e-02,1.382265358e-05,0.000000000e+00,2.173420000e-01,-3.328589476e-02,0.000000000e+00
4.711715367e-05,9.697636059e+04,1.533407477e-02,1.290472177e-05,0.000000000e+00,2.173420000e-01,-3.329038285e-02,0.000000000e+00
7.582010815e-05,9.697636049e+04,3.340355415e-02,2.009650169e-05,0.000000000e+00,2.173420000e-01,-3.326167989e-02,0.000000000e+00
6.880744736e-05,9.697636051e+04,2.824584943e-02,1.982951686e-05,0.000000000e+00,2.173420000e-01,-3.326869255e-02,0.000000000e+00
6.650668415e-05,9.697636051e+04,2.656557208e-02,1.752726297e-05,0.000000000e+00,2.173420000e-01,-3.327099332e-02,0.000000000e+00
6.089656746e-05,9.697636053e+04,2.317726418e-02,1.663520582e-05,0.000000000e+00,2.173420000e-01,-3.327660343e-02,0.000000000e+00
9.677533694e-05,9.697636043e+04,5.064106744e-02,2.246125881e-05,0.000000000e+00,2.173420000e-01,-3.324072466e-02,0.000000000e+00
8.800949230e-05,9.697636046e+04,4.279589204e-02,2.371901322e-05,0.000000000e+00,2.173420000e-01,-3.324949051e-02,0.000000000e+00
8.513353216e-05,9.697636046e+04,4.025343500e-02,2.045108079e-05,0.000000000e+00,2.173420000e-01,-3.325236647e-02,0.000000000e+00
7.812087137e-05,9.697636048e+04,3.509573029e-02,2.018409596e-05,0.000000000e+00,2.173420000e-01,-3.325937913e-02,0.000000000e+00
1.229694287e-04,9.697636036e+04,7.675951275e-02,2.176779031e-05,0.000000000e+00,2.173420000e-01,-3.321453057e-02,0.000000000e+00
1.120120996e-04,9.697636040e+04,6.488956507e-02,2.558494729e-05,0.000000000e+00,2.173420000e-01,-3.322548790e-02,0.000000000e+00
1.084171417e-04,9.697636041e+04,6.106014332e-02,2.079085147e-05,0.000000000e+00,2.173420000e-01,-3.322908286e-02,0.000000000e+00
9.965129708e-05,9.697636043e+04,5.321496792e-02,2.204860587e-05,0.000000000e+00,2.173420000e-01,-3.323784870e-02,0.000000000e+00
1.557121131e-04,9.697636027e+04,1.159605196e-01,1.664920988e-05,0.000000000e+00,2.173420000e-01,-3.318178789e-02,0.000000000e+00
1.420154225e-04,9.697636030e+04,9.822317464e-02,2.388468747e-05,0.000000000e+00,2.173420000e-01,-3.319548458e-02,0.000000000e+00
1.375217157e-04,9.697636031e+04,9.252383658e-02,1.669827355e-05,0.000000000e+00,2.173420000e-01,-3.319997828e-02,0.000000000e+00
1.265643865e-04,9.697636035e+04,8.065388891e-02,2.051543053e-05,0.000000000e+00,2.173420000e-01,-3.321093561e-02,0.000000000e+00
1.966405557e-04,9.697636019e+04,1.736752509e-01,1.006294853e-05,0.000000000e+00,2.173420000e-01,-3.314085944e-02,0.000000000e+00
1.795196560e-04,9.697636022e+04,1.478000780e-01,1.861637157e-05,0.000000000e+00,2.173420000e-01,-3.315798034e-02,0.000000000e+00
1.739025105e-04,9.697636022e+04,1.395172578e-01,7.039865780e-06,0.000000000e+00,2.173420000e-01,-3.316359749e-02,0.000000000e+00
1.602058199e-04,9.697636026e+04,1.217799129e-01,1.427534336e-05,0.000000000e+00,2.173420000e-01,-3.317729418e-02,0.000000000e+00
2.478012179e-04,9.697636005e+04,2.558458298e-01,1.618608868e-05,0.000000000e+00,2.173420000e-01,-3.308969878e-02,0.000000000e+00
2.264000477e-04,9.697636013e+04,2.195982482e-01,1.794118292e-05,0.000000000e+00,2.173420000e-01,-3.311109995e-02,0.000000000e+00
2.193786009e-04,9.697636015e+04,2.080397329e-01,-1.296741873e-06,0.000000000e+00,2.173420000e-01,-3.311812140e-02,0.000000000e+00
2.022577012e-04,9.697636018e+04,1.821645601e-01,7.256681166e-06,0.000000000e+00,2.173420000e-01,-3.313524230e-02,0.000000000e+00
3.117521817e-04,9.697635982e+04,3.671558432e-01,6.726265833e-05,0.000000000e+00,2.173420000e-01,-3.302574782e-02,0.000000000e+00
2.850006621e-04,9.697635991e+04,3.192101450e-01,4.459709081e-05,0.000000000e+00,2.173420000e-01,-3.305249934e-02,0.000000000e+00
2.762238348e-04,9.697635995e+04,3.039857735e-01,1.385517075e-05,0.000000000e+00,2.173420000e-01,-3.306127617e-02,0.000000000e+00
2.548226647e-04,9.697636002e+04,2.677381920e-01,1.561026499e-05,0.000000000e+00,2.173420000e-01,-3.308267734e-02,0.000000000e+00
3.472805286e-04,9.697635971e+04,4.308319044e-01,9.736450511e-05,0.000000000e+00,2.173420000e-01,-3.299021947e-02,0.000000000e+00
3.205290090e-04,9.697635979e+04,3.828862061e-01,7.469893759e-05,0.000000000e+00,2.173420000e-01,-3.301697099e-02,0.000000000e+00
1.364631100e-02,9.697647029e+04,7.440523903e+00,3.098515624e-01,0.000000000e+00,2.173420000e-01,-1.973392794e-02,0.000000000e+00
1.312523158e-02,9.697644461e+04,7.187023296e+00,2.891373134e-01,0.000000000e+00,2.173420000e-01,-2.025298912e-02,0.000000000e+00
1.495558400e-02,9.697653480e+04,8.077473833e+00,3.618985363e-01,0.000000000e+00,2.173420000e-01,-1.842972599e-02,0.000000000e+00
1.170586945e-02,9.697642855e+04,6.498265420e+00,2.399840251e-01,0.000000000e+00,2.173420000e-01,-2.166042879e-02,0.000000000e+00
1.089622317e-02,9.697641939e+04,6.105377486e+00,2.119455308e-01,0.000000000e+00,2.173420000e-01,-2.246327415e-02,0.000000000e+00
1.211207021e-02,9.697643315e+04,6.695377892e+00,2.540509803e-01,0.000000000e+00,2.173420000e-01,-2.125764006e-02,0.000000000e+00
1.259953255e-02,9.697643866e+04,6.931923250e+00,2.709320681e-01,0.000000000e+00,2.173420000e-01,-2.077427234e-02,0.000000000e+00
1.009000005e-02,9.697640355e+04,5.724145040e+00,1.852379747e-01,0.000000000e+00,2.173420000e-01,-2.324749995e-02,0.000000000e+00
9.080191456e-03,9.697639488e+04,5.238327920e+00,1.553291623e-01,0.000000000e+00,2.173420000e-01,-2.425730854e-02,0.000000000e+00
8.319843260e-03,9.697638835e+04,4.872525754e+00,1.328089424e-01,0.000000000e+00,2.173420000e-01,-2.501765674e-02,0.000000000e+00
9.329651856e-03,9.697639702e+04,5.358342874e+00,1.627177549e-01,0.000000000e+00,2.173420000e-01,-2.400784814e-02,0.000000000e+00
8.070382861e-03,9.697638567e+04,4.755172526e+00,1.258427722e-01,0.000000000e+00,2.173420000e-01,-2.526711714e-02,0.000000000e+00
7.262537705e-03,9.697637910e+04,4.376415576e+00,1.059800480e-01,0.000000000e+00,2.173420000e-01,-2.607496230e-02,0.000000000e+00
6.654260443e-03,9.697637415e+04,4.091225723e+00,9.102415778e-02,0.000000000e+00,2.173420000e-01,-2.668323956e-02,0.000000000e+00
7.462105599e-03,9.697638073e+04,4.469982674e+00,1.108868819e-01,0.000000000e+00,2.173420000e-01,-2.587539440e-02,0.000000000e+00
1.533465248e-02,9.697655347e+04,8.261887353e+00,3.769674848e-01,0.000000000e+00,2.173420000e-01,-1.805212572e-02,0.000000000e+00
6.454692549e-03,9.697637155e+04,3.999832122e+00,8.638240557e-02,0.000000000e+00,2.173420000e-01,-2.688280745e-02,0.000000000e+00
5.808417799e-03,9.697636884e+04,3.703642948e+00,7.323720532e-02,0.000000000e+00,2.173420000e-01,-2.752908220e-02,0.000000000e+00
5.321797026e-03,9.697636680e+04,3.480623551e+00,6.333935999e-02,0.000000000e+00,2.173420000e-01,-2.801570297e-02,0.000000000e+00
5.968071775e-03,9.697636951e+04,3.776812725e+00,7.648456024e-02,0.000000000e+00,2.173420000e-01,-2.736942822e-02,0.000000000e+00
2.059612367e-02,9.697662246e+04,1.057832333e+01,5.925703913e-01,0.000000000e+00,2.173420000e-01,-1.280839054e-02,0.000000000e+00
2.015598922e-02,9.697660868e+04,1.039379789e+01,5.745751467e-01,0.000000000e+00,2.173420000e-01,-1.325352031e-02,0.000000000e+00
1.954578040e-02,9.697658958e+04,1.013796913e+01,5.496262769e-01,0.000000000e+00,2.173420000e-01,-1.387065472e-02,0.000000000e+00
1.887214007e-02,9.697656848e+04,9.855546852e+00,5.220839601e-01,0.000000000e+00,2.173420000e-01,-1.455194054e-02,0.000000000e+00
1.713201441e-02,9.697656908e+04,9.105638285e+00,4.512553876e-01,0.000000000e+00,2.173420000e-01,-1.626371374e-02,0.000000000e+00
1.693846742e-02,9.697657031e+04,9.021798754e+00,4.433841338e-01,0.000000000e+00,2.173420000e-01,-1.645309082e-02,0.000000000e+00
1.768520800e-02,9.697656556e+04,9.345267387e+00,4.737529069e-01,0.000000000e+00,2.173420000e-01,-1.572243854e-02,0.000000000e+00
2.193705787e-02,9.697667299e+04,1.106736985e+01,6.457050082e-01,0.000000000e+00,2.173420000e-01,-1.146289084e-02,0.000000000e+00
1.859433982e-02,9.697655979e+04,9.739079685e+00,5.107258776e-01,0.000000000e+00,2.173420000e-01,-1.483289369e-02,0.000000000e+00
2.506105282e-02,9.697680071e+04,1.200871591e+01,7.500318390e-01,0.000000000e+00,2.173420000e-01,-8.323198335e-03,0.000000000e+00
2.438886224e-02,9.697676447e+04,1.187064465e+01,7.318222600e-01,0.000000000e+00,2.173420000e-01,-9.002442389e-03,0.000000000e+00
2.588872267e-02,9.697684534e+04,1.217872338e+01,7.724533369e-01,0.000000000e+00,2.173420000e-01,-7.486843516e-03,0.000000000e+00
2.328810548e-02,9.697672340e+04,1.151000815e+01,6.931592459e-01,0.000000000e+00,2.173420000e-01,-1.010707997e-02,0.000000000e+00
2.383029384e-02,9.697674363e+04,1.168764314e+01,7.122030864e-01,0.000000000e+00,2.173420000e-01,-9.562980076e-03,0.000000000e+00
5.162143050e-03,9.697636589e+04,3.409181673e+00,6.031555854e-02,0.000000000e+00,2.173420000e-01,-2.817535695e-02,0.000000000e+00
4.645124351e-03,9.697636371e+04,3.174906004e+00,5.137439721e-02,0.000000000e+00,2.173420000e-01,-2.869237565e-02,0.000000000e+00
4.255828561e-03,9.697636207e+04,2.998505166e+00,4.464203632e-02,0.000000000e+00,2.173420000e-01,-2.908167144e-02,0.000000000e+00
4.772847260e-03,9.697636425e+04,3.232780835e+00,5.358319765e-02,0.000000000e+00,2.173420000e-01,-2.856465274e-02,0.000000000e+00
3.022736355e-02,9.697695635e+04,1.272483032e+01,8.523077633e-01,0.000000000e+00,2.173420000e-01,-3.135502540e-03,0.000000000e+00
2.870603955e-02,9.697693604e+04,1.258900680e+01,8.309356126e-01,0.000000000e+00,2.173420000e-01,-4.656996643e-03,0.000000000e+00
2.844062406e-02,9.697693249e+04,1.256531056e+01,8.272069527e-01,0.000000000e+00,2.173420000e-01,-4.922441811e-03,0.000000000e+00
2.816833972e-02,9.697692886e+04,1.254100106e+01,8.233817965e-01,0.000000000e+00,2.173420000e-01,-5.194756593e-03,0.000000000e+00
2.615449626e-02,9.697685507e+04,1.222096023e+01,7.783909304e-01,0.000000000e+00,2.173420000e-01,-7.219616107e-03,0.000000000e+00
2.694668886e-02,9.697688410e+04,1.234685580e+01,7.960891437e-01,0.000000000e+00,2.173420000e-01,-6.423090082e-03,0.000000000e+00
3.213838911e-02,9.697705593e+04,1.277308774e+01,8.716079233e-01,0.000000000e+00,2.173420000e-01,-1.236881303e-03,0.000000000e+00
3.187168190e-02,9.697704204e+04,1.276635282e+01,8.689143477e-01,0.000000000e+00,2.173420000e-01,-1.501857331e-03,0.000000000e+00
3.398169699e-02,9.697717843e+04,1.277536041e+01,8.879968579e-01,0.000000000e+00,2.173420000e-01,5.998582885e-04,0.000000000e+00
3.768065288e-02,9.697735363e+04,1.267319746e+01,9.129824033e-01,0.000000000e+00,2.173420000e-01,4.336483984e-03,0.000000000e+00
3.735420341e-02,9.697733841e+04,1.267672145e+01,9.108872033e-01,0.000000000e+00,2.173420000e-01,4.010278569e-03,0.000000000e+00
3.707806899e-02,9.697732820e+04,1.268518187e+01,9.092222080e-01,0.000000000e+00,2.173420000e-01,3.732743277e-03,0.000000000e+00
3.505161390e-02,9.697723018e+04,1.274420022e+01,8.953310416e-01,0.000000000e+00,2.173420000e-01,1.682391855e-03,0.000000000e+00
3.567514650e-02,9.697726034e+04,1.272604049e+01,8.996053012e-01,0.000000000e+00,2.173420000e-01,2.313277262e-03,0.000000000e+00
4.128105652e-03,9.697636154e+04,2.941957497e+00,4.260193046e-02,0.000000000e+00,2.173420000e-01,-2.920939435e-02,0.000000000e+00
3.714491574e-03,9.697636050e+04,2.753260922e+00,3.646078599e-02,0.000000000e+00,2.173420000e-01,-2.962300843e-02,0.000000000e+00
3.403055604e-03,9.697635971e+04,2.611179441e+00,3.183673334e-02,0.000000000e+00,2.173420000e-01,-2.993444440e-02,0.000000000e+00
3.816669683e-03,9.697636075e+04,2.799876016e+00,3.797787780e-02,0.000000000e+00,2.173420000e-01,-2.952083032e-02,0.000000000e+00
4.061336037e-02,9.697747201e+04,1.263176746e+01,9.308152763e-01,0.000000000e+00,2.173420000e-01,7.259591126e-03,0.000000000e+00
4.007968760e-02,9.697745047e+04,1.263930659e+01,9.275701798e-01,0.000000000e+00,2.173420000e-01,6.727665355e-03,0.000000000e+00
3.897672344e-02,9.697740595e+04,1.265488803e+01,9.208634012e-01,0.000000000e+00,2.173420000e-01,5.628311796e-03,0.000000000e+00
4.159224488e-02,9.697751458e+04,1.263039084e+01,9.381654652e-01,0.000000000e+00,2.173420000e-01,8.234900643e-03,0.000000000e+00
4.319007625e-02,9.697758949e+04,1.262965517e+01,9.513873829e-01,0.000000000e+00,2.173420000e-01,9.827845026e-03,0.000000000e+00
4.241092599e-02,9.697755017e+04,1.262923951e+01,9.443127286e-01,0.000000000e+00,2.173420000e-01,9.050591842e-03,0.000000000e+00
4.388638699e-02,9.697762462e+04,1.263002664e+01,9.577098575e-01,0.000000000e+00,2.173420000e-01,1.052246038e-02,0.000000000e+00
4.205080282e-02,9.697753451e+04,1.262974596e+01,9.416086575e-01,0.000000000e+00,2.173420000e-01,8.691783886e-03,0.000000000e+00
4.218009525e-02,9.697754014e+04,1.262956413e+01,9.425794806e-01,0.000000000e+00,2.173420000e-01,8.820604124e-03,0.000000000e+00
4.732805040e-02,9.697780681e+04,1.262315346e+01,9.834976790e-01,0.000000000e+00,2.173420000e-01,1.397622205e-02,0.000000000e+00
4.659061770e-02,9.697776814e+04,1.262578500e+01,9.785705136e-01,0.000000000e+00,2.173420000e-01,1.324061173e-02,0.000000000e+00
4.440624264e-02,9.697765221e+04,1.262921123e+01,9.617200663e-01,0.000000000e+00,2.173420000e-01,1.104499210e-02,0.000000000e+00
4.531061403e-02,9.697770021e+04,1.262779271e+01,9.686964610e-01,0.000000000e+00,2.173420000e-01,1.195401896e-02,0.000000000e+00
3.300877495e-03,9.697635947e+04,2.565554531e+00,3.043744070e-02,0.000000000e+00,2.173420000e-01,-3.003662250e-02,0.000000000e+00
2.969986937e-03,9.697635899e+04,2.409938095e+00,2.611388355e-02,0.000000000e+00,2.173420000e-01,-3.036751306e-02,0.000000000e+00
2.720838692e-03,9.697635862e+04,2.292764725e+00,2.285840633e-02,0.000000000e+00,2.173420000e-01,-3.061666131e-02,0.000000000e+00
3.051729250e-03,9.697635911e+04,2.448381161e+00,2.718196348e-02,0.000000000e+00,2.173420000e-01,-3.028577075e-02,0.000000000e+00
5.106793561e-02,9.697797782e+04,1.260741277e+01,1.009375756e+00,0.000000000e+00,2.173420000e-01,1.772882992e-02,0.000000000e+00
5.098132035e-02,9.697797392e+04,1.260777444e+01,1.008775034e+00,0.000000000e+00,2.173420000e-01,1.764201364e-02,0.000000000e+00
5.052332824e-02,9.697795329e+04,1.260968683e+01,1.005598623e+00,0.000000000e+00,2.173420000e-01,1.718295864e-02,0.000000000e+00
4.919849030e-02,9.697789255e+04,1.261527041e+01,9.964350476e-01,0.000000000e+00,2.173420000e-01,1.585336963e-02,0.000000000e+00
4.906100739e-02,9.697788625e+04,1.261584984e+01,9.954841124e-01,0.000000000e+00,2.173420000e-01,1.571539368e-02,0.000000000e+00
4.889168639e-02,9.697787849e+04,1.261656345e+01,9.943129611e-01,0.000000000e+00,2.173420000e-01,1.554546548e-02,0.000000000e+00
2.639096378e-03,9.697635853e+04,2.255047485e+00,2.187473772e-02,0.000000000e+00,2.173420000e-01,-3.069840362e-02,0.000000000e+00
2.374384495e-03,9.697635839e+04,2.123320129e+00,1.875916986e-02,0.000000000e+00,2.173420000e-01,-3.096311551e-02,0.000000000e+00
2.175066323e-03,9.697635828e+04,2.024134345e+00,1.641326350e-02,0.000000000e+00,2.173420000e-01,-3.116243368e-02,0.000000000e+00
2.439778206e-03,9.697635843e+04,2.155861701e+00,1.952883136e-02,0.000000000e+00,2.173420000e-01,-3.089772179e-02,0.000000000e+00
5.119827051e-02,9.697798395e+04,1.260686516e+01,1.010214119e+00,0.000000000e+00,2.173420000e-01,1.785884617e-02,0.000000000e+00
5.524581330e-02,9.697819506e+04,1.258893970e+01,1.037840606e+00,0.000000000e+00,2.173420000e-01,2.190493727e-02,0.000000000e+00
5.439128319e-02,9.697815049e+04,1.259272418e+01,1.032008014e+00,0.000000000e+00,2.173420000e-01,2.105071365e-02,0.000000000e+00
5.314915931e-02,9.697808571e+04,1.259822521e+01,1.023529903e+00,0.000000000e+00,2.173420000e-01,1.980903527e-02,0.000000000e+00
2.109672611e-03,9.697635829e+04,1.992128188e+00,1.570821639e-02,0.000000000e+00,2.173420000e-01,-3.122782739e-02,0.000000000e+00
1.897903556e-03,9.697635830e+04,1.877807600e+00,1.341563898e-02,0.000000000e+00,2.173420000e-01,-3.143959644e-02,0.000000000e+00
1.738449358e-03,9.697635831e+04,1.791728462e+00,1.168941373e-02,0.000000000e+00,2.173420000e-01,-3.159905064e-02,0.000000000e+00
1.950218414e-03,9.697635830e+04,1.906049050e+00,1.398199114e-02,0.000000000e+00,2.173420000e-01,-3.138728159e-02,0.000000000e+00
5.650773208e-02,9.697825196e+04,1.258265032e+01,1.046109349e+00,0.000000000e+00,2.173420000e-01,2.316221925e-02,0.000000000e+00
5.731396875e-02,9.697829001e+04,1.257804125e+01,1.051021256e+00,0.000000000e+00,2.173420000e-01,2.396750502e-02,0.000000000e+00
5.885664024e-02,9.697836280e+04,1.256922214e+01,1.060419811e+00,0.000000000e+00,2.173420000e-01,2.550835705e-02,0.000000000e+00
5.939426359e-02,9.697838817e+04,1.256614867e+01,1.063695221e+00,0.000000000e+00,2.173420000e-01,2.604534632e-02,0.000000000e+00
1.686134500e-03,9.697635835e+04,1.763897805e+00,1.117568236e-02,0.000000000e+00,2.173420000e-01,-3.165136550e-02,0.000000000e+00
1.516719616e-03,9.697635840e+04,1.662082224e+00,9.462658214e-03,0.000000000e+00,2.173420000e-01,-3.182078038e-02,0.000000000e+00
1.389156529e-03,9.697635844e+04,1.585418891e+00,8.172814946e-03,0.000000000e+00,2.173420000e-01,-3.194834347e-02,0.000000000e+00
1.558571413e-03,9.697635839e+04,1.687234471e+00,9.885839092e-03,0.000000000e+00,2.173420000e-01,-3.177892859e-02,0.000000000e+00
6.349142198e-02,9.697858491e+04,1.254420368e+01,1.087445924e+00,0.000000000e+00,2.173420000e-01,3.013445194e-02,0.000000000e+00
6.145104070e-02,9.697848702e+04,1.255521714e+01,1.075463880e+00,0.000000000e+00,2.173420000e-01,2.810171311e-02,0.000000000e+00
6.142298254e-02,9.697848567e+04,1.255536627e+01,1.075303334e+00,0.000000000e+00,2.173420000e-01,2.807366055e-02,0.000000000e+00
1.347304732e-03,9.697635852e+04,1.560595969e+00,7.794726267e-03,0.000000000e+00,2.173420000e-01,-3.199019527e-02,0.000000000e+00
1.211773113e-03,9.697635861e+04,1.466271415e+00,6.498647757e-03,0.000000000e+00,2.173420000e-01,-3.212572689e-02,0.000000000e+00
1.109722861e-03,9.697635868e+04,1.395248545e+00,5.522748996e-03,0.000000000e+00,2.173420000e-01,-3.222777714e-02,0.000000000e+00
1.245254480e-03,9.697635859e+04,1.489573099e+00,6.818827506e-03,0.000000000e+00,2.173420000e-01,-3.209224552e-02,0.000000000e+00
6.751446203e-02,9.697875376e+04,1.251699805e+01,1.109720176e+00,0.000000000e+00,2.173420000e-01,3.416491218e-02,0.000000000e+00
6.652998314e-02,9.697870407e+04,1.252419327e+01,1.104708969e+00,0.000000000e+00,2.173420000e-01,3.318054762e-02,0.000000000e+00
6.551475698e-02,9.697866426e+04,1.253087903e+01,1.098941142e+00,0.000000000e+00,2.173420000e-01,3.216280407e-02,0.000000000e+00
6.417228706e-02,9.697861161e+04,1.253971985e+01,1.091314138e+00,0.000000000e+00,2.173420000e-01,3.081700532e-02,0.000000000e+00
1.076241494e-03,9.697635876e+04,1.372215042e+00,5.242345872e-03,0.000000000e+00,2.173420000e-01,-3.226125851e-02,0.000000000e+00
9.678164302e-04,9.697635882e+04,1.278579356e+00,4.252657029e-03,0.000000000e+00,2.173420000e-01,-3.236968357e-02,0.000000000e+00
8.861764023e-04,9.697635887e+04,1.208075178e+00,3.507458255e-03,0.000000000e+00,2.173420000e-01,-3.245132360e-02,0.000000000e+00
9.946014664e-04,9.697635881e+04,1.301710864e+00,4.497147098e-03,0.000000000e+00,2.173420000e-01,-3.234289853e-02,0.000000000e+00
6.847284898e-02,9.697880042e+04,1.251244951e+01,1.114434813e+00,0.000000000e+00,2.173420000e-01,3.512328772e-02,0.000000000e+00
6.941150042e-02,9.697884611e+04,1.250799464e+01,1.119052364e+00,0.000000000e+00,2.173420000e-01,3.606192799e-02,0.000000000e+00
7.033152613e-02,9.697889090e+04,1.250362816e+01,1.123578289e+00,0.000000000e+00,2.173420000e-01,3.698194275e-02,0.000000000e+00
7.121901529e-02,9.697892570e+04,1.249900422e+01,1.127994764e+00,0.000000000e+00,2.173420000e-01,3.786905572e-02,0.000000000e+00
8.593913660e-04,9.697635894e+04,1.185176592e+00,3.297799114e-03,0.000000000e+00,2.173420000e-01,-3.247810863e-02,0.000000000e+00
7.726514994e-04,9.697635897e+04,1.084620346e+00,2.551715878e-03,0.000000000e+00,2.173420000e-01,-3.256484850e-02,0.000000000e+00
7.073396161e-04,9.697635899e+04,1.008905245e+00,1.989943037e-03,0.000000000e+00,2.173420000e-01,-3.263016038e-02,0.000000000e+00
7.940794827e-04,9.697635896e+04,1.109461491e+00,2.736026274e-03,0.000000000e+00,2.173420000e-01,-3.254342052e-02,0.000000000e+00
7.071787547e-02,9.697901173e+04,1.245845159e+01,1.144950671e+00,0.000000000e+00,2.173420000e-01,4.143286096e-02,0.000000000e+00
7.065165733e-02,9.697897196e+04,1.247767505e+01,1.136462112e+00,0.000000000e+00,2.173420000e-01,3.970280367e-02,0.000000000e+00
7.066284856e-02,9.697897105e+04,1.247809577e+01,1.136295092e+00,0.000000000e+00,2.173420000e-01,3.966663267e-02,0.000000000e+00
7.067053261e-02,9.697897042e+04,1.247838465e+01,1.136180414e+00,0.000000000e+00,2.173420000e-01,3.964179718e-02,0.000000000e+00
6.859116327e-04,9.697635906e+04,9.844098112e-01,1.833064733e-03,0.000000000e+00,2.173420000e-01,-3.265158837e-02,0.000000000e+00
6.165198871e-04,9.697635912e+04,8.797190494e-01,1.337903384e-03,0.000000000e+00,2.173420000e-01,-3.272098011e-02,0.000000000e+00
5.642704917e-04,9.697635916e+04,8.008908119e-01,9.650653618e-04,0.000000000e+00,2.173420000e-01,-3.277322951e-02,0.000000000e+00
6.336622373e-04,9.697635910e+04,9.055815736e-01,1.460226712e-03,0.000000000e+00,2.173420000e-01,-3.270383776e-02,0.000000000e+00
5.471281415e-04,9.697635923e+04,7.758387907e-01,8.542059261e-04,0.000000000e+00,2.173420000e-01,-3.279037186e-02,0.000000000e+00
4.916148631e-04,9.697635935e+04,6.816627323e-01,5.967208181e-04,0.000000000e+00,2.173420000e-01,-3.284588514e-02,0.000000000e+00
4.498154358e-04,9.697635944e+04,6.107516740e-01,4.028441386e-04,0.000000000e+00,2.173420000e-01,-3.288768456e-02,0.000000000e+00
5.053287141e-04,9.697635932e+04,7.049277325e-01,6.603292466e-04,0.000000000e+00,2.173420000e-01,-3.283217129e-02,0.000000000e+00
4.361015848e-04,9.697635950e+04,5.884152270e-01,3.302396466e-04,0.000000000e+00,2.173420000e-01,-3.290139842e-02,0.000000000e+00
3.916910567e-04,9.697635959e+04,5.092676360e-01,2.244451293e-04,0.000000000e+00,2.173420000e-01,-3.294580894e-02,0.000000000e+00
3.582515860e-04,9.697635967e+04,4.496724530e-01,1.447858050e-04,0.000000000e+00,2.173420000e-01,-3.297924841e-02,0.000000000e+00
4.026621141e-04,9.697635957e+04,5.288200440e-01,2.505803223e-04,0.000000000e+00,2.173420000e-01,-3.293483789e-02,0.000000000e+00
1.653242369e-04,9.697927917e+04,-7.126555717e-01,-5.144033016e-03,0.000000000e+00,2.173420000e-01,1.119876550e-01,0.000000000e+00
1.739049944e-04,9.697927920e+04,-7.512826015e-01,-5.398741018e-03,0.000000000e+00,2.173420000e-01,1.119790742e-01,0.000000000e+00
1.375236796e-04,9.697927908e+04,-5.972486983e-01,-3.847229612e-03,0.000000000e+00,2.173420000e-01,1.120154548e-01,0.000000000e+00
1.461073210e-04,9.697927911e+04,-6.328814811e-01,-4.247627895e-03,0.000000000e+00,2.173420000e-01,1.120068714e-01,0.000000000e+00
1.557144170e-04,9.697927914e+04,-6.727628728e-01,-4.695766926e-03,0.000000000e+00,2.173420000e-01,1.119972645e-01,0.000000000e+00
2.086620762e-04,9.697927928e+04,-8.930861639e-01,-7.209632143e-03,0.000000000e+00,2.173420000e-01,1.119443180e-01,0.000000000e+00
2.193817348e-04,9.697927931e+04,-9.399819904e-01,-7.586914471e-03,0.000000000e+00,2.173420000e-01,1.119335984e-01,0.000000000e+00
1.846291117e-04,9.697927922e+04,-7.950353554e-01,-5.957482084e-03,0.000000000e+00,2.173420000e-01,1.119683504e-01,0.000000000e+00
1.966434646e-04,9.697927925e+04,-8.440520724e-01,-6.583446173e-03,0.000000000e+00,2.173420000e-01,1.119563363e-01,0.000000000e+00
2.628380445e-04,9.697927934e+04,-1.111716507e+00,-1.009137028e-02,0.000000000e+00,2.173420000e-01,1.118901432e-01,0.000000000e+00
2.762277818e-04,9.697927941e+04,-1.167471520e+00,-1.062676580e-02,0.000000000e+00,2.173420000e-01,1.118767534e-01,0.000000000e+00
2.327783813e-04,9.697927932e+04,-9.929240517e-01,-8.358984379e-03,0.000000000e+00,2.173420000e-01,1.119202020e-01,0.000000000e+00
2.478048833e-04,9.697927933e+04,-1.052307121e+00,-9.224985436e-03,0.000000000e+00,2.173420000e-01,1.119051759e-01,0.000000000e+00
3.305637057e-04,9.697927932e+04,-1.369419199e+00,-1.401099337e-02,0.000000000e+00,2.173420000e-01,1.118224189e-01,0.000000000e+00
3.472854922e-04,9.697927943e+04,-1.432937204e+00,-1.470754206e-02,0.000000000e+00,2.173420000e-01,1.118056971e-01,0.000000000e+00
2.929602958e-04,9.697927938e+04,-1.229660439e+00,-1.166892412e-02,0.000000000e+00,2.173420000e-01,1.118600213e-01,0.000000000e+00
3.117567931e-04,9.697927935e+04,-1.299520464e+00,-1.283963440e-02,0.000000000e+00,2.173420000e-01,1.118412253e-01,0.000000000e+00
4.152296511e-04,9.697927912e+04,-1.655612301e+00,-1.900762198e-02,0.000000000e+00,2.173420000e-01,1.117377547e-01,0.000000000e+00
4.361078202e-04,9.697927923e+04,-1.721839648e+00,-1.976665029e-02,0.000000000e+00,2.173420000e-01,1.117168765e-01,0.000000000e+00
3.681803448e-04,9.697927934e+04,-1.501416429e+00,-1.602994471e-02,0.000000000e+00,2.173420000e-01,1.117848028e-01,0.000000000e+00
3.916968512e-04,9.697927923e+04,-1.578487665e+00,-1.751826775e-02,0.000000000e+00,2.173420000e-01,1.117612869e-01,0.000000000e+00
5.210758976e-04,9.697927842e+04,-1.933904701e+00,-2.443408756e-02,0.000000000e+00,2.173420000e-01,1.116319106e-01,0.000000000e+00
5.471359678e-04,9.697927850e+04,-1.992918079e+00,-2.510224617e-02,0.000000000e+00,2.173420000e-01,1.116058505e-01,0.000000000e+00
4.621938743e-04,9.697927898e+04,-1.786945752e+00,-2.119960046e-02,0.000000000e+00,2.173420000e-01,1.116907911e-01,0.000000000e+00
4.916221374e-04,9.697927870e+04,-1.860393408e+00,-2.281614371e-02,0.000000000e+00,2.173420000e-01,1.116613636e-01,0.000000000e+00
6.534052471e-04,9.697927696e+04,-2.155060670e+00,-2.922548541e-02,0.000000000e+00,2.173420000e-01,1.114995840e-01,0.000000000e+00
6.859214497e-04,9.697927703e+04,-2.199632133e+00,-2.981712282e-02,0.000000000e+00,2.173420000e-01,1.114670678e-01,0.000000000e+00
5.796926925e-04,9.697927803e+04,-2.042592188e+00,-2.636544439e-02,0.000000000e+00,2.173420000e-01,1.115732947e-01,0.000000000e+00
6.165290126e-04,9.697927750e+04,-2.098795979e+00,-2.779469057e-02,0.000000000e+00,2.173420000e-01,1.115364593e-01,0.000000000e+00
8.188505547e-04,9.697927467e+04,-2.306347632e+00,-3.329822654e-02,0.000000000e+00,2.173420000e-01,1.113341421e-01,0.000000000e+00
8.594036746e-04,9.697927475e+04,-2.336269303e+00,-3.393119061e-02,0.000000000e+00,2.173420000e-01,1.112935890e-01,0.000000000e+00
7.265378410e-04,9.697927631e+04,-2.232238976e+00,-3.088077153e-02,0.000000000e+00,2.173420000e-01,1.114264524e-01,0.000000000e+00
7.726629413e-04,9.697927549e+04,-2.269268211e+00,-3.208868050e-02,0.000000000e+00,2.173420000e-01,1.113803285e-01,0.000000000e+00
1.025709711e-03,9.697927151e+04,-2.400691988e+00,-3.714132798e-02,0.000000000e+00,2.173420000e-01,1.111272872e-01,0.000000000e+00
1.076256922e-03,9.697927156e+04,-2.418869239e+00,-3.787229733e-02,0.000000000e+00,2.173420000e-01,1.110767400e-01,0.000000000e+00
9.100497958e-04,9.697927377e+04,-2.355888309e+00,-3.490879196e-02,0.000000000e+00,2.173420000e-01,1.112429442e-01,0.000000000e+00
9.678307712e-04,9.697927264e+04,-2.378271174e+00,-3.602411449e-02,0.000000000e+00,2.173420000e-01,1.111851647e-01,0.000000000e+00
1.284365778e-03,9.697926729e+04,-2.452334503e+00,-4.108178014e-02,0.000000000e+00,2.173420000e-01,1.108686365e-01,0.000000000e+00
1.347324066e-03,9.697926717e+04,-2.461443198e+00,-4.189840749e-02,0.000000000e+00,2.173420000e-01,1.108056782e-01,0.000000000e+00
1.139370021e-03,9.697927027e+04,-2.429018238e+00,-3.884563605e-02,0.000000000e+00,2.173420000e-01,1.110136285e-01,0.000000000e+00
1.211791084e-03,9.697926878e+04,-2.440664018e+00,-3.996252342e-02,0.000000000e+00,2.173420000e-01,1.109412093e-01,0.000000000e+00
1.607814386e-03,9.697926146e+04,-2.470014307e+00,-4.522195551e-02,0.000000000e+00,2.173420000e-01,1.105451946e-01,0.000000000e+00
1.686158730e-03,9.697926098e+04,-2.471631299e+00,-4.608970846e-02,0.000000000e+00,2.173420000e-01,1.104668503e-01,0.000000000e+00
1.425911031e-03,9.697926544e+04,-2.464029004e+00,-4.290108411e-02,0.000000000e+00,2.173420000e-01,1.107270933e-01,0.000000000e+00
1.516742132e-03,9.697926345e+04,-2.467017688e+00,-4.405998139e-02,0.000000000e+00,2.173420000e-01,1.106362645e-01,0.000000000e+00
2.012326496e-03,9.697925352e+04,-2.455158247e+00,-4.944748513e-02,0.000000000e+00,2.173420000e-01,1.101406909e-01,0.000000000e+00
2.109702979e-03,9.697925268e+04,-2.449128177e+00,-5.031945291e-02,0.000000000e+00,2.173420000e-01,1.100433144e-01,0.000000000e+00
1.783916004e-03,9.697925875e+04,-2.466694083e+00,-4.709608349e-02,0.000000000e+00,2.173420000e-01,1.103690955e-01,0.000000000e+00
1.897931768e-03,9.697925614e+04,-2.460935735e+00,-4.826983366e-02,0.000000000e+00,2.173420000e-01,1.102550827e-01,0.000000000e+00
2.518282440e-03,9.697924336e+04,-2.405980862e+00,-5.345445298e-02,0.000000000e+00,2.173420000e-01,1.096347455e-01,0.000000000e+00
2.639134448e-03,9.697924203e+04,-2.392100995e+00,-5.425036661e-02,0.000000000e+00,2.173420000e-01,1.095138935e-01,0.000000000e+00
2.231153633e-03,9.697924991e+04,-2.436302595e+00,-5.125133481e-02,0.000000000e+00,2.173420000e-01,1.099218669e-01,0.000000000e+00
2.374419849e-03,9.697924665e+04,-2.421173218e+00,-5.235060593e-02,0.000000000e+00,2.173420000e-01,1.097786044e-01,0.000000000e+00
3.151223361e-03,9.697923045e+04,-2.321607179e+00,-5.685332808e-02,0.000000000e+00,2.173420000e-01,1.090018179e-01,0.000000000e+00
3.300925239e-03,9.697922848e+04,-2.299913107e+00,-5.748487197e-02,0.000000000e+00,2.173420000e-01,1.088521160e-01,0.000000000e+00
2.789779315e-03,9.697923862e+04,-2.371363324e+00,-5.501609844e-02,0.000000000e+00,2.173420000e-01,1.093632526e-01,0.000000000e+00
2.970031252e-03,9.697923455e+04,-2.346549963e+00,-5.593232380e-02,0.000000000e+00,2.173420000e-01,1.091830053e-01,0.000000000e+00
3.943179756e-03,9.697921415e+04,-2.201025740e+00,-5.913127456e-02,0.000000000e+00,2.173420000e-01,1.082098782e-01,0.000000000e+00
4.128165562e-03,9.697921140e+04,-2.171501220e+00,-5.948729135e-02,0.000000000e+00,2.173420000e-01,1.080248923e-01,0.000000000e+00
3.487399955e-03,9.697922432e+04,-2.271201758e+00,-5.796289501e-02,0.000000000e+00,2.173420000e-01,1.086656461e-01,0.000000000e+00
3.714547145e-03,9.697921925e+04,-2.236228103e+00,-5.854518087e-02,0.000000000e+00,2.173420000e-01,1.084385048e-01,0.000000000e+00
4.934355065e-03,9.697919406e+04,-2.042760162e+00,-5.961014421e-02,0.000000000e+00,2.173420000e-01,1.072187239e-01,0.000000000e+00
5.162218282e-03,9.697919042e+04,-2.005370838e+00,-5.953695208e-02,0.000000000e+00,2.173420000e-01,1.069908606e-01,0.000000000e+00
4.358386403e-03,9.697920645e+04,-2.134737066e+00,-5.952237403e-02,0.000000000e+00,2.173420000e-01,1.077946775e-01,0.000000000e+00
4.645194077e-03,9.697920028e+04,-2.088936516e+00,-5.956607982e-02,0.000000000e+00,2.173420000e-01,1.075078773e-01,0.000000000e+00
6.175267325e-03,9.697916935e+04,-1.844168510e+00,-5.727221980e-02,0.000000000e+00,2.173420000e-01,1.059778381e-01,0.000000000e+00
6.454787115e-03,9.697916464e+04,-1.798723006e+00,-5.653346389e-02,0.000000000e+00,2.173420000e-01,1.056983183e-01,0.000000000e+00
5.445484359e-03,9.697918453e+04,-1.960295872e+00,-5.890369366e-02,0.000000000e+00,2.173420000e-01,1.067076020e-01,0.000000000e+00
5.808505352e-03,9.697917698e+04,-1.902529834e+00,-5.809213832e-02,0.000000000e+00,2.173420000e-01,1.063445905e-01,0.000000000e+00
7.729487072e-03,9.697914091e+04,-1.598540551e+00,-5.076750973e-02,0.000000000e+00,2.173420000e-01,1.044236519e-01,0.000000000e+00
8.070501883e-03,9.697913552e+04,-1.544026260e+00,-4.908762834e-02,0.000000000e+00,2.173420000e-01,1.040826371e-01,0.000000000e+00
6.801780452e-03,9.697915818e+04,-1.744230199e+00,-5.496388066e-02,0.000000000e+00,2.173420000e-01,1.053513341e-01,0.000000000e+00
7.262647751e-03,9.697914960e+04,-1.671854307e+00,-5.287920206e-02,0.000000000e+00,2.173420000e-01,1.048904789e-01,0.000000000e+00
9.677160383e-03,9.697910716e+04,-1.291748821e+00,-3.787212122e-02,0.000000000e+00,2.173420000e-01,1.024760211e-01,0.000000000e+00
1.009015010e-02,9.697910152e+04,-1.225838993e+00,-3.473210143e-02,0.000000000e+00,2.173420000e-01,1.020630314e-01,0.000000000e+00
8.493083043e-03,9.697912806e+04,-1.477672587e+00,-4.613774072e-02,0.000000000e+00,2.173420000e-01,1.036600671e-01,0.000000000e+00
9.080329954e-03,9.697911769e+04,-1.385463106e+00,-4.203838053e-02,0.000000000e+00,2.173420000e-01,1.030728357e-01,0.000000000e+00
1.032560637e-02,9.697909813e+04,-1.188923039e+00,-3.260265543e-02,0.000000000e+00,2.173420000e-01,1.018330975e-01,0.000000000e+00
1.082291675e-02,9.697909097e+04,-1.110952347e+00,-2.810502353e-02,0.000000000e+00,2.173420000e-01,1.013474511e-01,0.000000000e+00
1.093582262e-02,9.697908918e+04,-1.093223714e+00,-2.709208812e-02,0.000000000e+00,2.173420000e-01,1.012362828e-01,0.000000000e+00
1.098133783e-02,9.697908846e+04,-1.086076853e+00,-2.668374822e-02,0.000000000e+00,2.173420000e-01,1.011914681e-01,0.000000000e+00
1.108833440e-02,9.697908676e+04,-1.069276105e+00,-2.572382805e-02,0.000000000e+00,2.173420000e-01,1.010861181e-01,0.000000000e+00
1.176057660e-02,9.697907610e+04,-9.637197141e-01,-1.969280439e-02,0.000000000e+00,2.173420000e-01,1.004242216e-01,0.000000000e+00
1.320763031e-02,9.697906247e+04,-7.208056703e-01,-3.091658702e-03,0.000000000e+00,2.173420000e-01,9.894577994e-02,0.000000000e+00
1.380333351e-02,9.697905597e+04,-6.206719503e-01,4.543549263e-03,0.000000000e+00,2.173420000e-01,9.835513833e-02,0.000000000e+00
1.405380991e-02,9.697905323e+04,-5.785685431e-01,7.753939033e-03,0.000000000e+00,2.173420000e-01,9.810679019e-02,0.000000000e+00
1.244677517e-02,9.697906893e+04,-8.498097284e-01,-1.179333996e-02,0.000000000e+00,2.173420000e-01,9.972780732e-02,0.000000000e+00
1.249484208e-02,9.697906852e+04,-8.416599158e-01,-1.124361251e-02,0.000000000e+00,2.173420000e-01,9.967840285e-02,0.000000000e+00
1.294443129e-02,9.697906470e+04,-7.654314341e-01,-6.101790156e-03,0.000000000e+00,2.173420000e-01,9.921630297e-02,0.000000000e+00
1.445998595e-02,9.697904880e+04,-5.102930701e-01,1.295995191e-02,0.000000000e+00,2.173420000e-01,9.770406536e-02,0.000000000e+00
1.485734267e-02,9.697904527e+04,-4.436863003e-01,1.802767683e-02,0.000000000e+00,2.173420000e-01,9.730787746e-02,0.000000000e+00
1.512962842e-02,9.697904374e+04,-3.965310857e-01,2.234706352e-02,0.000000000e+00,2.173420000e-01,9.703723973e-02,0.000000000e+00
1.658360041e-02,9.697902807e+04,-1.375718917e-01,4.494592309e-02,0.000000000e+00,2.173420000e-01,9.557774381e-02,0.000000000e+00
1.658802979e-02,9.697902802e+04,-1.367829987e-01,4.501476823e-02,0.000000000e+00,2.173420000e-01,9.557329760e-02,0.000000000e+00
1.596073966e-02,9.697903478e+04,-2.485062961e-01,3.526489579e-02,0.000000000e+00,2.173420000e-01,9.620297093e-02,0.000000000e+00
1.571148195e-02,9.697903747e+04,-2.929002568e-01,3.139072215e-02,0.000000000e+00,2.173420000e-01,9.645317561e-02,0.000000000e+00
1.802104055e-02,9.697902733e+04,1.274116255e-01,7.025002879e-02,0.000000000e+00,2.173420000e-01,9.413540725e-02,0.000000000e+00
1.902345792e-02,9.697903481e+04,3.196862871e-01,8.948153302e-02,0.000000000e+00,2.173420000e-01,9.313036535e-02,0.000000000e+00
1.776933012e-02,9.697902745e+04,8.100545475e-02,6.581741850e-02,0.000000000e+00,2.173420000e-01,9.438797478e-02,0.000000000e+00
1.659092178e-02,9.697902802e+04,-1.362498217e-01,4.506569607e-02,0.000000000e+00,2.173420000e-01,9.557039576e-02,0.000000000e+00
2.204962376e-02,9.697900693e+04,9.342186328e-01,1.576869727e-01,0.000000000e+00,2.173420000e-01,9.010348283e-02,0.000000000e+00
2.252670279e-02,9.697900392e+04,1.032615033e+00,1.683229272e-01,0.000000000e+00,2.173420000e-01,8.962652309e-02,0.000000000e+00
2.089644963e-02,9.697901755e+04,7.000401915e-01,1.316960811e-01,0.000000000e+00,2.173420000e-01,9.125693006e-02,0.000000000e+00
2.043525566e-02,9.697902180e+04,6.063841832e-01,1.213014302e-01,0.000000000e+00,2.173420000e-01,9.171823325e-02,0.000000000e+00
1.990788775e-02,9.697902666e+04,4.992900387e-01,1.094153134e-01,0.000000000e+00,2.173420000e-01,9.224572606e-02,0.000000000e+00
2.266373010e-02,9.697900359e+04,1.063858587e+00,1.719710867e-01,0.000000000e+00,2.173420000e-01,8.948977424e-02,0.000000000e+00
2.284068336e-02,9.697900315e+04,1.104205643e+00,1.766822181e-01,0.000000000e+00,2.173420000e-01,8.931318059e-02,0.000000000e+00
2.383749405e-02,9.697901506e+04,1.331482064e+00,2.051780384e-01,0.000000000e+00,2.173420000e-01,8.831943364e-02,0.000000000e+00
2.444441056e-02,9.697902231e+04,1.469861210e+00,2.225279564e-01,0.000000000e+00,2.173420000e-01,8.771438251e-02,0.000000000e+00
2.514333677e-02,9.697903066e+04,1.629218898e+00,2.425081549e-01,0.000000000e+00,2.173420000e-01,8.701760448e-02,0.000000000e+00
2.587731609e-02,9.697903928e+04,1.816220416e+00,2.653179455e-01,0.000000000e+00,2.173420000e-01,8.628184614e-02,0.000000000e+00
2.657920490e-02,9.697904542e+04,1.996562982e+00,2.886329219e-01,0.000000000e+00,2.173420000e-01,8.557935661e-02,0.000000000e+00
2.732352295e-02,9.697905194e+04,2.187807271e+00,3.133572905e-01,0.000000000e+00,2.173420000e-01,8.483440153e-02,0.000000000e+00
2.809568534e-02,9.697905869e+04,2.386205852e+00,3.390065776e-01,0.000000000e+00,2.173420000e-01,8.406157829e-02,0.000000000e+00
2.938535126e-02,9.697908297e+04,2.761617151e+00,3.859030569e-01,0.000000000e+00,2.173420000e-01,8.277388355e-02,0.000000000e+00
2.949423192e-02,9.697908501e+04,2.793311429e+00,3.898623145e-01,0.000000000e+00,2.173420000e-01,8.266516931e-02,0.000000000e+00
2.930328286e-02,9.697908142e+04,2.737727707e+00,3.829187812e-01,0.000000000e+00,2.173420000e-01,8.285582651e-02,0.000000000e+00
3.024127545e-02,9.697908672e+04,3.016100590e+00,4.180159138e-01,0.000000000e+00,2.173420000e-01,8.191315290e-02,0.000000000e+00
3.071060681e-02,9.697908779e+04,3.156068255e+00,4.357034599e-01,0.000000000e+00,2.173420000e-01,8.144069733e-02,0.000000000e+00
3.200499167e-02,9.697908370e+04,3.599007618e+00,4.837211616e-01,0.000000000e+00,2.173420000e-01,8.014329602e-02,0.000000000e+00
3.309514245e-02,9.697908026e+04,3.972057940e+00,5.241624060e-01,0.000000000e+00,2.173420000e-01,7.905060475e-02,0.000000000e+00
3.142153602e-02,9.697908554e+04,3.399348703e+00,4.620767492e-01,0.000000000e+00,2.173420000e-01,8.072811137e-02,0.000000000e+00
3.438118787e-02,9.697912971e+04,4.423886229e+00,5.729859397e-01,0.000000000e+00,2.173420000e-01,7.776573282e-02,0.000000000e+00
3.491379096e-02,9.697912215e+04,4.627454520e+00,5.920247863e-01,0.000000000e+00,2.173420000e-01,7.723452343e-02,0.000000000e+00
3.703074343e-02,9.697909213e+04,5.436583145e+00,6.676990263e-01,0.000000000e+00,2.173420000e-01,7.512311050e-02,0.000000000e+00
3.735258830e-02,9.697909062e+04,5.558570603e+00,6.788117782e-01,0.000000000e+00,2.173420000e-01,7.480111974e-02,0.000000000e+00
3.747465428e-02,9.697909005e+04,5.604836740e+00,6.830265075e-01,0.000000000e+00,2.173420000e-01,7.467899843e-02,0.000000000e+00
3.593396772e-02,9.697910768e+04,5.017380242e+00,6.284928234e-01,0.000000000e+00,2.173420000e-01,7.621701622e-02,0.000000000e+00
3.785936312e-02,9.697908628e+04,5.763068010e+00,6.962617916e-01,0.000000000e+00,2.173420000e-01,7.429428957e-02,0.000000000e+00
3.889740493e-02,9.697908469e+04,6.196296419e+00,7.323978732e-01,0.000000000e+00,2.173420000e-01,7.324953933e-02,0.000000000e+00
3.964251263e-02,9.697908355e+04,6.507268305e+00,7.583363972e-01,0.000000000e+00,2.173420000e-01,7.249961632e-02,0.000000000e+00
4.026994851e-02,9.697908259e+04,6.769129674e+00,7.801785562e-01,0.000000000e+00,2.173420000e-01,7.186812559e-02,0.000000000e+00
4.110593597e-02,9.697905967e+04,7.113908338e+00,8.053511947e-01,0.000000000e+00,2.173420000e-01,7.104016669e-02,0.000000000e+00
4.195135065e-02,9.697903648e+04,7.462574984e+00,8.308076987e-01,0.000000000e+00,2.173420000e-01,7.020287112e-02,0.000000000e+00
4.296570738e-02,9.697901941e+04,7.882836223e+00,8.617085039e-01,0.000000000e+00,2.173420000e-01,6.918871979e-02,0.000000000e+00
4.336344268e-02,9.697901555e+04,8.035639468e+00,8.729401886e-01,0.000000000e+00,2.173420000e-01,6.879159056e-02,0.000000000e+00
4.431383529e-02,9.697900635e+04,8.400764400e+00,8.997784153e-01,0.000000000e+00,2.173420000e-01,6.784264618e-02,0.000000000e+00
4.432286721e-02,9.697900626e+04,8.404234313e+00,9.000334686e-01,0.000000000e+00,2.173420000e-01,6.783362802e-02,0.000000000e+00
4.574846502e-02,9.697902747e+04,8.958862938e+00,9.424145727e-01,0.000000000e+00,2.173420000e-01,6.639496327e-02,0.000000000e+00
4.693991160e-02,9.697899646e+04,9.348544338e+00,9.721422988e-01,0.000000000e+00,2.173420000e-01,6.521311841e-02,0.000000000e+00
4.717179871e-02,9.697899078e+04,9.423869870e+00,9.777080545e-01,0.000000000e+00,2.173420000e-01,6.498077418e-02,0.000000000e+00
4.765170181e-02,9.697897903e+04,9.579760193e+00,9.892266914e-01,0.000000000e+00,2.173420000e-01,6.449992503e-02,0.000000000e+00
4.887841139e-02,9.697894899e+04,9.978240952e+00,1.018670181e+00,0.000000000e+00,2.173420000e-01,6.327079722e-02,0.000000000e+00
5.207004949e-02,9.697898468e+04,1.090872245e+01,1.088539969e+00,0.000000000e+00,2.173420000e-01,6.008498843e-02,0.000000000e+00
5.238204988e-02,9.697898804e+04,1.100149159e+01,1.095520898e+00,0.000000000e+00,2.173420000e-01,5.977027144e-02,0.000000000e+00
5.249104366e-02,9.697899447e+04,1.103206078e+01,1.098160933e+00,0.000000000e+00,2.173420000e-01,5.966156126e-02,0.000000000e+00
5.065342128e-02,9.697896884e+04,1.049572251e+01,1.057527834e+00,0.000000000e+00,2.173420000e-01,6.149902927e-02,0.000000000e+00
5.027011473e-02,9.697896455e+04,1.038397436e+01,1.049136674e+00,0.000000000e+00,2.173420000e-01,6.188163573e-02,0.000000000e+00
4.960243610e-02,9.697895709e+04,1.018932115e+01,1.034520178e+00,0.000000000e+00,2.173420000e-01,6.254809489e-02,0.000000000e+00
5.448115414e-02,9.697904079e+04,1.148606759e+01,1.130458901e+00,0.000000000e+00,2.173420000e-01,5.765926052e-02,0.000000000e+00
5.557389348e-02,9.697906623e+04,1.173535580e+01,1.148193224e+00,0.000000000e+00,2.173420000e-01,5.655982769e-02,0.000000000e+00
5.267589616e-02,9.697899877e+04,1.107423145e+01,1.101160947e+00,0.000000000e+00,2.173420000e-01,5.947557645e-02,0.000000000e+00
5.639047089e-02,9.697909324e+04,1.191152379e+01,1.158708154e+00,0.000000000e+00,2.173420000e-01,5.575534204e-02,0.000000000e+00
5.684503894e-02,9.697912034e+04,1.197135497e+01,1.162097709e+00,0.000000000e+00,2.173420000e-01,5.530010391e-02,0.000000000e+00
5.809546584e-02,9.697919490e+04,1.213593874e+01,1.171421704e+00,0.000000000e+00,2.173420000e-01,5.404783375e-02,0.000000000e+00
5.838415010e-02,9.697921211e+04,1.217393596e+01,1.173574321e+00,0.000000000e+00,2.173420000e-01,5.375872393e-02,0.000000000e+00
5.974064548e-02,9.697916615e+04,1.235148790e+01,1.185230901e+00,0.000000000e+00,2.173420000e-01,5.239909809e-02,0.000000000e+00
6.136690925e-02,9.697915837e+04,1.243597975e+01,1.186534424e+00,0.000000000e+00,2.173420000e-01,5.077916614e-02,0.000000000e+00
6.219030569e-02,9.697915444e+04,1.247875897e+01,1.187194413e+00,0.000000000e+00,2.173420000e-01,4.995897558e-02,0.000000000e+00
6.081818191e-02,9.697916100e+04,1.240747085e+01,1.186094595e+00,0.000000000e+00,2.173420000e-01,5.132575702e-02,0.000000000e+00
6.306965964e-02,9.697916941e+04,1.252034690e+01,1.186393411e+00,0.000000000e+00,2.173420000e-01,4.907596821e-02,0.000000000e+00
6.429568587e-02,9.697917037e+04,1.250860288e+01,1.179156484e+00,0.000000000e+00,2.173420000e-01,4.785200069e-02,0.000000000e+00
6.485173707e-02,9.697917080e+04,1.250327650e+01,1.175874252e+00,0.000000000e+00,2.173420000e-01,4.729688318e-02,0.000000000e+00
6.635631081e-02,9.697917197e+04,1.248886429e+01,1.166993129e+00,0.000000000e+00,2.173420000e-01,4.579483586e-02,0.000000000e+00
6.661201982e-02,9.697916284e+04,1.248512192e+01,1.165798138e+00,0.000000000e+00,2.173420000e-01,4.553757389e-02,0.000000000e+00
6.861803404e-02,9.697908602e+04,1.246842467e+01,1.155388295e+00,0.000000000e+00,2.173420000e-01,4.353487034e-02,0.000000000e+00
7.004993701e-02,9.697903236e+04,1.245576557e+01,1.147877283e+00,0.000000000e+00,2.173420000e-01,4.210064041e-02,0.000000000e+00
6.751577273e-02,9.697912733e+04,1.247816949e+01,1.161170180e+00,0.000000000e+00,2.173420000e-01,4.463892293e-02,0.000000000e+00
6.837504797e-02,9.697909513e+04,1.247057285e+01,1.156662873e+00,0.000000000e+00,2.173420000e-01,4.377825129e-02,0.000000000e+00
6.680189470e-02,9.697915538e+04,1.248366124e+01,1.164825823e+00,0.000000000e+00,2.173420000e-01,4.534877091e-02,0.000000000e+00
0.000000000e+00,9.697927825e+04,0.000000000e+00,0.000000000e+00,0.000000000e+00,2.173420000e-01,1.121529758e-01,0.000000000e+00
4.727844568e-07,9.697927830e+04,-2.025600934e-03,-8.627390632e-06,0.000000000e+00,2.173420000e-01,1.121525030e-01,0.000000000e+00
1.000018684e-06,9.697927836e+04,-4.284486835e-03,-1.824838297e-05,0.000000000e+00,2.173420000e-01,1.121519758e-01,0.000000000e+00
1.527261124e-06,9.697927842e+04,-6.543407923e-03,-2.786952517e-05,0.000000000e+00,2.173420000e-01,1.121514486e-01,0.000000000e+00
2.000028548e-06,9.697927845e+04,-8.808205309e-03,-2.549499202e-05,0.000000000e+00,2.173420000e-01,1.121509758e-01,0.000000000e+00
3.909128061e-06,9.697927850e+04,-1.698502363e-02,-6.606337251e-05,0.000000000e+00,2.173420000e-01,1.121490668e-01,0.000000000e+00
4.500069553e-06,9.697927849e+04,-1.981399893e-02,-6.428109600e-05,0.000000000e+00,2.173420000e-01,1.121484758e-01,0.000000000e+00
2.590993896e-06,9.697927847e+04,-1.133935481e-02,-3.805301057e-05,0.000000000e+00,2.173420000e-01,1.121503849e-01,0.000000000e+00
3.250054562e-06,9.697927848e+04,-1.416216174e-02,-5.205805519e-05,0.000000000e+00,2.173420000e-01,1.121497258e-01,0.000000000e+00
6.886478787e-06,9.697927851e+04,-3.003129610e-02,-1.167572137e-04,0.000000000e+00,2.173420000e-01,1.121460895e-01,0.000000000e+00
7.625127464e-06,9.697927850e+04,-3.356437619e-02,-1.150985799e-04,0.000000000e+00,2.173420000e-01,1.121453508e-01,0.000000000e+00
5.238752061e-06,9.697927849e+04,-2.297663281e-02,-8.052440821e-05,0.000000000e+00,2.173420000e-01,1.121477371e-01,0.000000000e+00
6.062605398e-06,9.697927850e+04,-2.650392153e-02,-9.864059050e-05,0.000000000e+00,2.173420000e-01,1.121469133e-01,0.000000000e+00
1.060819186e-05,9.697927851e+04,-4.633019090e-02,-1.826178215e-04,0.000000000e+00,2.173420000e-01,1.121423678e-01,0.000000000e+00
1.153145817e-05,9.697927851e+04,-5.074164054e-02,-1.814600857e-04,0.000000000e+00,2.173420000e-01,1.121414446e-01,0.000000000e+00
8.548442329e-06,9.697927850e+04,-3.751563735e-02,-1.359970625e-04,0.000000000e+00,2.173420000e-01,1.121444275e-01,0.000000000e+00
9.578301428e-06,9.697927851e+04,-4.192284708e-02,-1.593070874e-04,0.000000000e+00,2.173420000e-01,1.121433977e-01,0.000000000e+00
1.526036927e-05,9.697927855e+04,-6.668980153e-02,-2.688625250e-04,0.000000000e+00,2.173420000e-01,1.121377157e-01,0.000000000e+00
1.641438195e-05,9.697927854e+04,-7.219644722e-02,-2.688002378e-04,0.000000000e+00,2.173420000e-01,1.121365617e-01,0.000000000e+00
1.268554134e-05,9.697927852e+04,-5.567753300e-02,-2.085107934e-04,0.000000000e+00,2.173420000e-01,1.121402905e-01,0.000000000e+00
1.397293082e-05,9.697927853e+04,-6.118356257e-02,-2.386860854e-04,0.000000000e+00,2.173420000e-01,1.121390031e-01,0.000000000e+00
2.107564429e-05,9.697927860e+04,-9.211729336e-02,-3.823160180e-04,0.000000000e+00,2.173420000e-01,1.121319006e-01,0.000000000e+00
2.251804967e-05,9.697927861e+04,-9.898857705e-02,-3.842744682e-04,0.000000000e+00,2.173420000e-01,1.121304582e-01,0.000000000e+00
1.785689075e-05,9.697927856e+04,-7.836129994e-02,-3.039296727e-04,0.000000000e+00,2.173420000e-01,1.121351193e-01,0.000000000e+00
1.946622926e-05,9.697927858e+04,-8.523913316e-02,-3.431219137e-04,0.000000000e+00,2.173420000e-01,1.121335100e-01,0.000000000e+00
2.834481742e-05,9.697927865e+04,-1.238668203e-01,-5.327176527e-04,0.000000000e+00,2.173420000e-01,1.121246316e-01,0.000000000e+00
3.014765057e-05,9.697927865e+04,-1.324369818e-01,-5.383122712e-04,0.000000000e+00,2.173420000e-01,1.121228287e-01,0.000000000e+00
2.432103601e-05,9.697927862e+04,-1.066866928e-01,-4.302074872e-04,0.000000000e+00,2.173420000e-01,1.121286552e-01,0.000000000e+00
2.633286693e-05,9.697927863e+04,-1.152765014e-01,-4.814610470e-04,0.000000000e+00,2.173420000e-01,1.121266435e-01,0.000000000e+00
3.743140300e-05,9.697927872e+04,-1.634980811e-01,-7.346676574e-04,0.000000000e+00,2.173420000e-01,1.121155452e-01,0.000000000e+00
3.968467200e-05,9.697927872e+04,-1.741807195e-01,-7.465162242e-04,0.000000000e+00,2.173420000e-01,1.121132919e-01,0.000000000e+00
3.240114844e-05,9.697927867e+04,-1.420468803e-01,-5.990620632e-04,0.000000000e+00,2.173420000e-01,1.121205753e-01,0.000000000e+00
3.491618230e-05,9.697927869e+04,-1.527720823e-01,-6.668623419e-04,0.000000000e+00,2.173420000e-01,1.121180603e-01,0.000000000e+00
4.878981514e-05,9.697927879e+04,-2.129472107e-01,-1.009331585e-03,0.000000000e+00,2.173420000e-01,1.121041870e-01,0.000000000e+00
5.160597418e-05,9.697927879e+04,-2.262523407e-01,-1.031691874e-03,0.000000000e+00,2.173420000e-01,1.121013708e-01,0.000000000e+00
4.250117556e-05,9.697927874e+04,-1.861723992e-01,-8.278131777e-04,0.000000000e+00,2.173420000e-01,1.121104755e-01,0.000000000e+00
4.564534936e-05,9.697927876e+04,-1.995591834e-01,-9.185681674e-04,0.000000000e+00,2.173420000e-01,1.121073314e-01,0.000000000e+00
6.298810432e-05,9.697927884e+04,-2.746109477e-01,-1.387259527e-03,0.000000000e+00,2.173420000e-01,1.120899890e-01,0.000000000e+00
6.650763366e-05,9.697927884e+04,-2.911642060e-01,-1.426669407e-03,0.000000000e+00,2.173420000e-01,1.120864695e-01,0.000000000e+00
5.512602549e-05,9.697927881e+04,-2.412077819e-01,-1.141655156e-03,0.000000000e+00,2.173420000e-01,1.120978509e-01,0.000000000e+00
5.905683675e-05,9.697927882e+04,-2.579083955e-01,-1.264450214e-03,0.000000000e+00,2.173420000e-01,1.120939202e-01,0.000000000e+00
8.073638453e-05,9.697927890e+04,-3.514427764e-01,-1.912324010e-03,0.000000000e+00,2.173420000e-01,1.120722411e-01,0.000000000e+00
8.513474769e-05,9.697927890e+04,-3.720053343e-01,-1.978368532e-03,0.000000000e+00,2.173420000e-01,1.120678427e-01,0.000000000e+00
7.090679205e-05,9.697927886e+04,-3.098007667e-01,-1.576821134e-03,0.000000000e+00,2.173420000e-01,1.120820704e-01,0.000000000e+00
7.582123170e-05,9.697927888e+04,-3.306202609e-01,-1.744560401e-03,0.000000000e+00,2.173420000e-01,1.120771561e-01,0.000000000e+00
1.029223774e-04,9.697927897e+04,-4.470520561e-01,-2.646840178e-03,0.000000000e+00,2.173420000e-01,1.120500555e-01,0.000000000e+00
1.084186898e-04,9.697927898e+04,-4.725366113e-01,-2.753155337e-03,0.000000000e+00,2.173420000e-01,1.120445592e-01,0.000000000e+00
9.063227740e-05,9.697927893e+04,-3.951996322e-01,-2.184969569e-03,0.000000000e+00,2.173420000e-01,1.120623453e-01,0.000000000e+00
9.677677005e-05,9.697927895e+04,-4.211234927e-01,-2.415883928e-03,0.000000000e+00,2.173420000e-01,1.120562010e-01,0.000000000e+00
1.306558580e-04,9.697927907e+04,-5.657779166e-01,-3.680548243e-03,0.000000000e+00,2.173420000e-01,1.120223226e-01,0.000000000e+00
1.152883820e-04,9.697927901e+04,-5.013414960e-01,-3.039653318e-03,0.000000000e+00,2.173420000e-01,1.120376897e-01,0.000000000e+00
1.229712488e-04,9.697927904e+04,-5.335560534e-01,-3.360064448e-03,0.000000000e+00,2.173420000e-01,1.120300070e-01,0.000000000e+00
